"AccountEnabled","AlternativeSecurityIds","ApproximateLastSignInDateTime","ComplianceExpirationDateTime","DeletedDateTime","DeviceCategory","DeviceId","DeviceMetadata","DeviceOwnership","DeviceVersion","DisplayName","EnrollmentProfileName","Extensions","Id","IsCompliant","IsManaged","MdmAppId","MemberOf","OnPremisesLastSyncDateTime","OnPremisesSyncEnabled","OperatingSystem","OperatingSystemVersion","PhysicalIds","ProfileType","RegisteredOwners","RegisteredUsers","RegistrationDateTime","SystemLabels","TransitiveMemberOf","TrustType","AdditionalProperties"
"True","Microsoft.Graph.PowerShell.Models.IMicrosoftGraphAlternativeSecurityId[]","11/06/2023 19:02:41",,,,"3a9bd108-671e-4f62-b036-1e48ee68b82f",,"Company","2","Johan Iphone",,,"024c0ed4-6ab5-4e59-a9a8-57820d9f057a","False","True","0000000a-0000-0000-c000-000000000000",,,,"IPhone","16.1.2","System.String[]","RegisteredDevice",,,"03/08/2020 08:30:01","System.String[]",,"Workplace","System.Collections.Generic.Dictionary`2[System.String,System.Object]"
"True","Microsoft.Graph.PowerShell.Models.IMicrosoftGraphAlternativeSecurityId[]","18/12/2023 19:12:51",,,,"e9f238d5-1ef1-4c73-921f-c1ef0db95ddc",,"Personal","2","Luke’s iPhone",,,"065e2629-60ab-4651-b170-01a66f94e1d4","True","True","0000000a-0000-0000-c000-000000000000",,,,"IPhone","17.2.1","System.String[]","RegisteredDevice",,,"06/03/2023 12:03:43","System.String[]",,"Workplace","System.Collections.Generic.Dictionary`2[System.String,System.Object]"
"True","Microsoft.Graph.PowerShell.Models.IMicrosoftGraphAlternativeSecurityId[]","28/02/2022 14:41:02",,,,"c9f5c8be-8c66-409d-9880-9f089ff8a474",,,"2","DESKTOP-MLG5UFD",,,"066a4c22-eadf-42d7-a28f-9419317493c6",,,,,,,"Windows","10.0.19044.1466","System.String[]","RegisteredDevice",,,"11/02/2022 14:52:52","System.String[]",,"Workplace","System.Collections.Generic.Dictionary`2[System.String,System.Object]"
"True","Microsoft.Graph.PowerShell.Models.IMicrosoftGraphAlternativeSecurityId[]","14/12/2023 15:39:45",,,,"20479cfa-36e5-483e-a709-23ea332fe1da",,"Company","2","ACLT65","ASAPCLOUD Laptops Admin User",,"07096c5b-5d58-488d-8929-60c39a2b2177","True","True","0000000a-0000-0000-c000-000000000000",,,,"Windows","10.0.22631.2861","System.String[]","RegisteredDevice",,,"21/08/2023 11:37:42","System.String[]",,"AzureAd","System.Collections.Generic.Dictionary`2[System.String,System.Object]"
"True","Microsoft.Graph.PowerShell.Models.IMicrosoftGraphAlternativeSecurityId[]","13/12/2023 04:51:55",,,,"86126fa8-4d15-4156-96f7-110b5713f02b",,"Company","2","ACLT35","ASAPCLOUD Laptops Admin User",,"07301e58-b5c9-495f-85b0-fff4b53687ca","True","True","0000000a-0000-0000-c000-000000000000",,,,"Windows","10.0.22621.2861","System.String[]","RegisteredDevice",,,"19/04/2022 09:47:06","System.String[]",,"AzureAd","System.Collections.Generic.Dictionary`2[System.String,System.Object]"
"True","Microsoft.Graph.PowerShell.Models.IMicrosoftGraphAlternativeSecurityId[]","19/12/2023 02:22:42",,,,"e7b055d7-f230-4373-85f9-1bd542ed6fbe",,"Personal","2","iPhone",,,"081fe667-1545-41a4-ba29-94ee4ec36da8","True","True","0000000a-0000-0000-c000-000000000000",,,,"IPhone","17.2.1","System.String[]","RegisteredDevice",,,"25/09/2023 16:57:09","System.String[]",,"Workplace","System.Collections.Generic.Dictionary`2[System.String,System.Object]"
"True","Microsoft.Graph.PowerShell.Models.IMicrosoftGraphAlternativeSecurityId[]","15/07/2023 19:35:23",,,,"d4bad335-22fe-43ac-bd01-b651bcec8f74",,"Company","2","iPhone (2)",,,"096243ed-e92d-404e-b23b-15ff1cd1288e","False","False",,,,,"IPhone","15.4.1","System.String[]","RegisteredDevice",,,"13/08/2020 14:08:40","System.String[]",,"Workplace","System.Collections.Generic.Dictionary`2[System.String,System.Object]"
"True","Microsoft.Graph.PowerShell.Models.IMicrosoftGraphAlternativeSecurityId[]","14/12/2023 00:33:52",,,,"6fa51699-2d65-414a-8432-1d3c8ea1b840",,,"2","iPhone 13",,,"0a5da7a0-c47c-48e0-baa5-c3cae92f9022",,,,,,,"iOS","16.1.2","System.String[]","RegisteredDevice",,,"27/12/2021 16:03:49","System.String[]",,"Workplace","System.Collections.Generic.Dictionary`2[System.String,System.Object]"
"True","Microsoft.Graph.PowerShell.Models.IMicrosoftGraphAlternativeSecurityId[]","20/12/2023 07:59:47",,,,"a2d1a798-07c7-45e0-8cf7-32ee99a6d61a",,"Company","2","ACLT34","ASAPCLOUD Laptops Admin User",,"0b9095e8-2d03-4148-9e2c-5d186266e4ba","True","True","0000000a-0000-0000-c000-000000000000",,,,"Windows","10.0.22621.2861","System.String[]","RegisteredDevice",,,"04/12/2023 09:32:23","System.String[]",,"AzureAd","System.Collections.Generic.Dictionary`2[System.String,System.Object]"
"True","Microsoft.Graph.PowerShell.Models.IMicrosoftGraphAlternativeSecurityId[]","18/12/2023 16:59:02",,,,"61ee7ccb-50fc-4d52-b5f3-7c968866a394",,,"2","iPhone 11",,,"0d2af037-f1c7-4908-8c39-ee12beb4f035",,,,,,,"iOS","16.6","System.String[]","RegisteredDevice",,,"28/08/2023 14:12:02","System.String[]",,"Workplace","System.Collections.Generic.Dictionary`2[System.String,System.Object]"
"True","Microsoft.Graph.PowerShell.Models.IMicrosoftGraphAlternativeSecurityId[]","16/12/2023 16:35:28",,,,"a54726af-22f5-43da-8375-a43b5819b4d4",,"Personal","2","iPhone van Nynke",,,"102b663b-6db7-42e0-bf10-789c4318d012","True","True","0000000a-0000-0000-c000-000000000000",,,,"IPhone","17.1.2","System.String[]","RegisteredDevice",,,"25/09/2023 14:38:02","System.String[]",,"Workplace","System.Collections.Generic.Dictionary`2[System.String,System.Object]"
"True","Microsoft.Graph.PowerShell.Models.IMicrosoftGraphAlternativeSecurityId[]","14/12/2023 11:04:45",,,,"a2704d0e-470b-450e-8860-d9777fb1e049",,"Company","2","ACLT22","ASAPCLOUD Laptops Admin User",,"117c10db-f6c5-44fd-8c8f-669b3391f993","True","True","0000000a-0000-0000-c000-000000000000",,,,"Windows","10.0.22631.2861","System.String[]","RegisteredDevice",,,"22/11/2023 15:55:05","System.String[]",,"AzureAd","System.Collections.Generic.Dictionary`2[System.String,System.Object]"
"True","Microsoft.Graph.PowerShell.Models.IMicrosoftGraphAlternativeSecurityId[]","20/03/2023 12:53:03",,,,"80a8443e-c01e-43ee-9b26-7afa5a505370",,"Company","2","ACLT20","ASAPCLOUD Laptops Admin User",,"1913b9dd-8bf5-476a-baa7-c09cc3dc2359","False","False","0000000a-0000-0000-c000-000000000000",,,,"Windows","10.0.22621.1105","System.String[]","RegisteredDevice",,,"20/03/2023 14:09:28","System.String[]",,"AzureAd","System.Collections.Generic.Dictionary`2[System.String,System.Object]"
"True","Microsoft.Graph.PowerShell.Models.IMicrosoftGraphAlternativeSecurityId[]","05/12/2023 11:46:15",,,,"5c778f95-9706-40a7-9e7e-094d2d4aa746",,"Company","2","ACLT09","ASAPCLOUD Laptops Admin User",,"1b4f11f2-8a50-4caa-a831-9c75283ee253","False","False","0000000a-0000-0000-c000-000000000000",,,,"Windows","10.0.22631.2506","System.String[]","RegisteredDevice",,,"23/05/2023 16:51:08","System.String[]",,"AzureAd","System.Collections.Generic.Dictionary`2[System.String,System.Object]"
"True","Microsoft.Graph.PowerShell.Models.IMicrosoftGraphAlternativeSecurityId[]","15/12/2023 22:25:27",,,,"97113d86-437b-4ace-bed2-386e668ca31c",,"Company","2","ACMA01","macOS Enrollment - User Affinity",,"1bd8af47-3712-4981-b1fd-4b93e409fef0","True","True","0000000a-0000-0000-c000-000000000000",,,,"MacMDM","14.1.2 (23B92)","System.String[]","RegisteredDevice",,,"18/08/2022 15:56:56","System.String[]",,"Workplace","System.Collections.Generic.Dictionary`2[System.String,System.Object]"
"True","Microsoft.Graph.PowerShell.Models.IMicrosoftGraphAlternativeSecurityId[]","07/02/2023 14:13:55",,,,"ec5126fb-3018-487c-ae55-cc75eb3c2ba7",,"Company","2","Asapnet Iphone",,,"1c4a9172-0ab5-4623-ac2e-b600e9053aa2","False","True",,,,,"IPhone","15.8","System.String[]","RegisteredDevice",,,"16/10/2018 10:40:18","System.String[]",,"Workplace","System.Collections.Generic.Dictionary`2[System.String,System.Object]"
"True","Microsoft.Graph.PowerShell.Models.IMicrosoftGraphAlternativeSecurityId[]","11/12/2023 02:18:20",,,,"af12c471-d26f-4424-8d7d-41d7a3a69822",,"Company","2","ACLT23","ASAPCLOUD Laptops Admin User",,"1e62aaf9-3d3b-4305-8c18-09b5a1a2635d","False","False","0000000a-0000-0000-c000-000000000000",,,,"Windows","10.0.19044.1645","System.String[]","RegisteredDevice",,,"07/06/2021 09:02:40","System.String[]",,"AzureAd","System.Collections.Generic.Dictionary`2[System.String,System.Object]"
"True","Microsoft.Graph.PowerShell.Models.IMicrosoftGraphAlternativeSecurityId[]","06/10/2022 13:18:25",,,,"fe94fcc5-a5a5-43a9-9a96-19a019ebef41",,"Personal","2","iPhone van Anne",,,"227dbedd-e9fe-40f4-8fa2-ee807542a0f3","False","False",,,,,"IPhone","15.4.1","System.String[]","RegisteredDevice",,,"21/09/2021 07:02:22","System.String[]",,"Workplace","System.Collections.Generic.Dictionary`2[System.String,System.Object]"
"True","Microsoft.Graph.PowerShell.Models.IMicrosoftGraphAlternativeSecurityId[]","04/12/2021 15:34:24",,,,"8d21aa3c-8ba0-4e5f-b855-a665e558ad53",,,"2","DESKTOP-DCQK8EL",,,"228b1215-7986-4147-a22a-3139c190d164",,,,,,,"Windows","10.0.17763.0","System.String[]","RegisteredDevice",,,"20/04/2020 11:47:04","System.String[]",,"Workplace","System.Collections.Generic.Dictionary`2[System.String,System.Object]"
"True","Microsoft.Graph.PowerShell.Models.IMicrosoftGraphAlternativeSecurityId[]","17/12/2023 15:47:59",,,,"d54e788e-02b8-4a46-b570-dd40f71e4411",,,"2","iPhone",,,"26264fc5-7903-4775-a0c5-bf45eee600f9",,,,,,,"iOS","13.6.1","System.String[]","RegisteredDevice",,,"20/06/2020 11:56:20","System.String[]",,"Workplace","System.Collections.Generic.Dictionary`2[System.String,System.Object]"
"True","Microsoft.Graph.PowerShell.Models.IMicrosoftGraphAlternativeSecurityId[]","16/09/2023 23:41:29",,,,"e1c99deb-f116-4361-be95-e4d962e6df74",,"Personal","2","Joshua’s iPhone",,,"26bfd064-1aff-4157-a93e-404f66231f01","False","True","0000000a-0000-0000-c000-000000000000",,,,"IPhone","15.6.1","System.String[]","RegisteredDevice",,,"05/02/2023 14:45:48","System.String[]",,"Workplace","System.Collections.Generic.Dictionary`2[System.String,System.Object]"
"True","Microsoft.Graph.PowerShell.Models.IMicrosoftGraphAlternativeSecurityId[]","08/12/2023 10:05:10",,,,"6258ff75-93c8-46e8-8481-2fcbaad9c402",,,"2","LAPTOP",,,"282c26d2-9295-4df6-b1f7-0d9db6b5771e",,,,,,,"Windows","10.0.22621.674","System.String[]","RegisteredDevice",,,"24/10/2022 19:46:51","System.String[]",,"Workplace","System.Collections.Generic.Dictionary`2[System.String,System.Object]"
"True","Microsoft.Graph.PowerShell.Models.IMicrosoftGraphAlternativeSecurityId[]","06/11/2021 07:35:21",,,,"1ed3fcf3-d2ab-45a5-bd3a-6ce6de5ac341",,,"2","DESKTOP-4RE0E0V",,,"28746de3-c0b8-4e63-b218-660f64b4a5bc",,,,,,,"Windows","10.0.19041.746","System.String[]","RegisteredDevice",,,"06/02/2021 05:13:45","System.String[]",,"Workplace","System.Collections.Generic.Dictionary`2[System.String,System.Object]"
"True","Microsoft.Graph.PowerShell.Models.IMicrosoftGraphAlternativeSecurityId[]","20/12/2023 13:20:08",,,,"cc01c363-f5c4-4056-a9d3-8e02b1a3c7cd",,,"2","iPhone SE (3rd generation)",,,"2a36e536-f8aa-4d76-b0dc-7161f076823f",,,,,,,"iOS","16.6","System.String[]","RegisteredDevice",,,"20/10/2023 12:02:00","System.String[]",,"Workplace","System.Collections.Generic.Dictionary`2[System.String,System.Object]"
"True","Microsoft.Graph.PowerShell.Models.IMicrosoftGraphAlternativeSecurityId[]","05/10/2021 09:58:55",,,"Windows","ac311194-3e23-48e3-ac6f-cd7a2734767a",,"Company","2","ACLT06","ASAPCLOUD Laptops Admin User",,"2b67ffc3-e035-4b82-bc7c-19e5e4495404","False","False","0000000a-0000-0000-c000-000000000000",,,,"Windows","10.0.19043.1052","System.String[]","RegisteredDevice",,,"18/09/2020 07:35:29","System.String[]",,"AzureAd","System.Collections.Generic.Dictionary`2[System.String,System.Object]"
"True","Microsoft.Graph.PowerShell.Models.IMicrosoftGraphAlternativeSecurityId[]","30/08/2023 05:35:10",,,,"c8fc3e83-ae07-4ddb-9d5d-cd7b1127afe1",,"Personal","2","Larissa’s iPhone",,,"2e2e9509-4bde-4439-b238-da81a02f195a","False","True","0000000a-0000-0000-c000-000000000000",,,,"IPhone","16.5.1","System.String[]","RegisteredDevice",,,"02/04/2023 11:26:59","System.String[]",,"Workplace","System.Collections.Generic.Dictionary`2[System.String,System.Object]"
"True","Microsoft.Graph.PowerShell.Models.IMicrosoftGraphAlternativeSecurityId[]","21/12/2023 15:00:34",,,,"447392bb-888d-4adb-bd8c-7e60110e5fbd",,,"2","malware",,,"2e642561-e363-492a-93ac-3ae4d5b464be",,,,,,,"Windows","10.0.22621.2283","System.String[]","SecureVM",,,"14/09/2023 10:50:30","System.String[]",,"AzureAd","System.Collections.Generic.Dictionary`2[System.String,System.Object]"
"True","Microsoft.Graph.PowerShell.Models.IMicrosoftGraphAlternativeSecurityId[]","16/12/2023 11:28:28",,,,"40ffe4ce-5476-4afd-8798-b606aad1dc9a",,"Company","2","DriverServicing","ASAPCLOUD Laptops Admin User",,"3003833a-528c-4dc6-b718-7b8715c1c55b","True","True","0000000a-0000-0000-c000-000000000000",,,,"Windows","10.0.19045.3803","System.String[]","RegisteredDevice",,,"22/03/2023 09:10:11","System.String[]",,"AzureAd","System.Collections.Generic.Dictionary`2[System.String,System.Object]"
"True","Microsoft.Graph.PowerShell.Models.IMicrosoftGraphAlternativeSecurityId[]","15/01/2023 03:22:46",,,,"727da25e-88ec-47ff-aa90-2eb01d8743be",,"Personal","2","iPhone 12 Pro",,,"33392646-69a5-43c9-823c-938964c9d988","False","False",,,,,"IPhone","17.2","System.String[]","RegisteredDevice",,,"28/10/2020 19:36:28","System.String[]",,"Workplace","System.Collections.Generic.Dictionary`2[System.String,System.Object]"
"True","Microsoft.Graph.PowerShell.Models.IMicrosoftGraphAlternativeSecurityId[]","21/12/2023 14:08:17",,,,"546ab355-51de-4154-89e9-2dbddb483ad8",,"Company","2","ACLT02","ASAPCLOUD Laptops Admin User",,"3694c7dc-9811-4224-bdb9-528f684c10b9","True","True","0000000a-0000-0000-c000-000000000000",,,,"Windows","10.0.22631.2861","System.String[]","RegisteredDevice",,,"31/07/2023 09:12:31","System.String[]",,"AzureAd","System.Collections.Generic.Dictionary`2[System.String,System.Object]"
"True","Microsoft.Graph.PowerShell.Models.IMicrosoftGraphAlternativeSecurityId[]","12/12/2023 11:19:55",,,,"25afb41a-b7ac-40c3-9e43-d9c6ecf24723",,"Company","2","ACDT02","ASAPCLOUD Laptops Admin User",,"375a5b67-7d9d-4977-b1aa-4562f47ad60e","True","True","0000000a-0000-0000-c000-000000000000",,,,"Windows","10.0.22631.2861","System.String[]","RegisteredDevice",,,"03/02/2023 13:12:54","System.String[]",,"AzureAd","System.Collections.Generic.Dictionary`2[System.String,System.Object]"
"True","Microsoft.Graph.PowerShell.Models.IMicrosoftGraphAlternativeSecurityId[]","16/05/2023 13:39:47",,,,"737f6074-9c48-4b64-8d43-972c088d7d05",,,"2","DESKTOP-FAIV1EV",,,"39185628-115e-4d71-9a04-67db58f7ae07",,,,,,,"Windows","10.0.19042.746","System.String[]","RegisteredDevice",,,"30/09/2021 20:30:33","System.String[]",,"Workplace","System.Collections.Generic.Dictionary`2[System.String,System.Object]"
"True","Microsoft.Graph.PowerShell.Models.IMicrosoftGraphAlternativeSecurityId[]","19/12/2023 00:21:37",,,,"55fa4a96-de79-4984-a6f4-27b49d6b6735",,"Personal","2","Mathieu van Kooten PRO14",,,"3b3a2437-56a1-4e10-aab6-2564e2ef2d19","True","True","0000000a-0000-0000-c000-000000000000",,,,"IPhone","17.1.2","System.String[]","RegisteredDevice",,,"21/08/2023 06:01:07","System.String[]",,"Workplace","System.Collections.Generic.Dictionary`2[System.String,System.Object]"
"True","Microsoft.Graph.PowerShell.Models.IMicrosoftGraphAlternativeSecurityId[]","17/09/2022 05:08:46",,,,"19b1eebf-a41d-46d9-b5bb-b45392735064",,"Personal","2","Dennis’s iPhone (2)",,,"3c00f233-d181-4686-a4b5-f494cbbd6af3","False","False",,,,,"IPhone","15.4.1","System.String[]","RegisteredDevice",,,"24/09/2021 15:50:25","System.String[]",,"Workplace","System.Collections.Generic.Dictionary`2[System.String,System.Object]"
"True","Microsoft.Graph.PowerShell.Models.IMicrosoftGraphAlternativeSecurityId[]","14/12/2023 09:31:17",,,,"ff073762-4d93-4214-9693-0b88ba1319a6",,"Personal","2","iPhone van Martijn",,,"3dde75eb-6a39-4a93-8b2a-61fe3fd64149","True","True","0000000a-0000-0000-c000-000000000000",,,,"IPhone","17.1.2","System.String[]","RegisteredDevice",,,"06/07/2023 22:13:44","System.String[]",,"Workplace","System.Collections.Generic.Dictionary`2[System.String,System.Object]"
"True","Microsoft.Graph.PowerShell.Models.IMicrosoftGraphAlternativeSecurityId[]","31/12/2021 12:35:27",,,,"07e2a238-da7a-4d31-8b1f-b0848c7b7d1b",,"Personal","2","Dennis’s iPhone",,,"41fae0e1-1812-4529-a555-2f18b755c92e","False","False",,,,,"IPhone","14.7.1","System.String[]","RegisteredDevice",,,"27/10/2020 19:59:05","System.String[]",,"Workplace","System.Collections.Generic.Dictionary`2[System.String,System.Object]"
"True","Microsoft.Graph.PowerShell.Models.IMicrosoftGraphAlternativeSecurityId[]","06/06/2022 08:24:14",,,,"54fd74f3-3107-4a24-b5d3-7c2668df53ce",,"Company","2","ACLT05","ASAPCLOUD Laptops Admin User",,"4243855d-f003-467f-9a75-20f010549d27","False","False","0000000a-0000-0000-c000-000000000000",,,,"Windows","10.0.19042.867","System.String[]","RegisteredDevice",,,"04/09/2018 11:43:38","System.String[]",,"AzureAd","System.Collections.Generic.Dictionary`2[System.String,System.Object]"
"False","Microsoft.Graph.PowerShell.Models.IMicrosoftGraphAlternativeSecurityId[]","03/07/2023 17:03:37",,,,"afd8dfc6-3728-4916-b69a-5052e9811e05",,,"2","DESKTOP-SQ7GQB8",,,"44bbe8b4-fc49-4988-ad27-f125c1681585",,,,,,,"Windows","10.0.19041.572","System.String[]","RegisteredDevice",,,"19/10/2020 12:03:43","System.String[]",,"Workplace","System.Collections.Generic.Dictionary`2[System.String,System.Object]"
"True","Microsoft.Graph.PowerShell.Models.IMicrosoftGraphAlternativeSecurityId[]","14/12/2023 02:24:15",,,,"b40ea28e-d240-4a12-bab9-264ade494e1f",,"Company","2","ACLT32","ASAPCLOUD Laptops Admin User",,"44dd7354-6168-447f-a0b8-35fc812a0684","True","True","0000000a-0000-0000-c000-000000000000",,,,"Windows","10.0.22631.2861","System.String[]","RegisteredDevice",,,"30/08/2023 12:56:31","System.String[]",,"AzureAd","System.Collections.Generic.Dictionary`2[System.String,System.Object]"
"True","Microsoft.Graph.PowerShell.Models.IMicrosoftGraphAlternativeSecurityId[]","14/12/2023 16:47:16",,,,"4874e72b-853c-47dc-8e09-f8181bdb31ad",,"Company","2","ACVM02","ASAPCLOUD Laptops Admin User",,"46007a11-f5c6-42dc-97ad-e490500dc4ab","True","True","0000000a-0000-0000-c000-000000000000",,,,"Windows","10.0.23606.1000","System.String[]","RegisteredDevice",,,"20/06/2023 22:33:36","System.String[]",,"AzureAd","System.Collections.Generic.Dictionary`2[System.String,System.Object]"
"True","Microsoft.Graph.PowerShell.Models.IMicrosoftGraphAlternativeSecurityId[]","20/12/2023 07:21:51",,,,"d6bfc0ab-400e-4767-9329-b518476aba28",,"Personal","2","Rens’s iPhone",,,"488dd607-8f60-4230-923b-42931952d668","True","True","0000000a-0000-0000-c000-000000000000",,,,"IPhone","17.0.2","System.String[]","RegisteredDevice",,,"04/10/2022 10:02:38","System.String[]",,"Workplace","System.Collections.Generic.Dictionary`2[System.String,System.Object]"
"True","Microsoft.Graph.PowerShell.Models.IMicrosoftGraphAlternativeSecurityId[]","26/05/2022 15:09:45",,,,"c2e81ab8-b30c-44ad-bd09-de587871785d",,"Company","2","ACLT02","ASAPCLOUD Laptops Admin User",,"48dab4b7-671c-4bac-a725-ef655ee5de49","False","False","0000000a-0000-0000-c000-000000000000",,,,"Windows","10.0.19043.1288","System.String[]","RegisteredDevice",,,"08/01/2020 13:49:35","System.String[]",,"AzureAd","System.Collections.Generic.Dictionary`2[System.String,System.Object]"
"True","Microsoft.Graph.PowerShell.Models.IMicrosoftGraphAlternativeSecurityId[]","19/06/2023 15:14:15",,,,"7849dfb3-5e48-48b5-81fa-bd1847390358",,"Company","2","ACLT99","ASAPCLOUD Laptops Standard User",,"4a2411d1-8ad6-44ef-932a-90b675a02e29","False","False","0000000a-0000-0000-c000-000000000000",,,,"Windows","10.0.22621.1555","System.String[]","RegisteredDevice",,,"23/03/2023 13:00:49","System.String[]",,"AzureAd","System.Collections.Generic.Dictionary`2[System.String,System.Object]"
"False","Microsoft.Graph.PowerShell.Models.IMicrosoftGraphAlternativeSecurityId[]","24/11/2022 14:47:47",,,,"35abad21-ee85-4c7e-a82b-bd24dba5d5f5",,"Company","2","Mariska's iPhone",,,"4ae7035b-7d3a-4042-865c-ad9bdbb0020e","False","False",,,,,"IPhone","15.4.1","System.String[]","RegisteredDevice",,,"03/07/2020 10:32:52","System.String[]",,"Workplace","System.Collections.Generic.Dictionary`2[System.String,System.Object]"
"True","Microsoft.Graph.PowerShell.Models.IMicrosoftGraphAlternativeSecurityId[]","20/12/2023 15:23:27",,,,"32769273-b1a7-4b36-9150-08caf51e908c",,,"2","DESKTOP-LLN6VRK",,,"4ba90174-e751-420b-9339-c495ee8c424f",,,,,,,"Windows","10.0.19042.1165","System.String[]","RegisteredDevice",,,"25/08/2021 18:50:09","System.String[]",,"Workplace","System.Collections.Generic.Dictionary`2[System.String,System.Object]"
"True","Microsoft.Graph.PowerShell.Models.IMicrosoftGraphAlternativeSecurityId[]","20/12/2023 12:01:37",,,,"c0649041-ffbd-4343-970e-79395214814e",,"Company","2","ACLT81","ASAPCLOUD Laptops Admin User",,"4f40401a-db7f-4c43-9f9b-7c1f1f0515cc","True","True","0000000a-0000-0000-c000-000000000000",,,,"Windows","10.0.22631.2861","System.String[]","RegisteredDevice",,,"01/08/2023 09:34:11","System.String[]",,"AzureAd","System.Collections.Generic.Dictionary`2[System.String,System.Object]"
"True","Microsoft.Graph.PowerShell.Models.IMicrosoftGraphAlternativeSecurityId[]","05/12/2023 13:58:35",,,,"e0c760c9-3447-49db-8aef-6c82500c99f7",,"Company","2","ACLT05","ASAPCLOUD Laptops Standard User",,"4f8957e8-6c31-4c20-92d6-8658424d9871","True","True","0000000a-0000-0000-c000-000000000000",,,,"Windows","10.0.22631.2715","System.String[]","RegisteredDevice",,,"07/09/2023 15:38:54","System.String[]",,"AzureAd","System.Collections.Generic.Dictionary`2[System.String,System.Object]"
"True","Microsoft.Graph.PowerShell.Models.IMicrosoftGraphAlternativeSecurityId[]","15/12/2022 08:45:21",,,,"37b6f672-b774-421c-a404-30e1c0cf8b21",,"Company","2","iPhone van Lody",,,"4feb4c08-2a0b-4bda-8def-b3e2f4e12b67","False","False",,,,,"IPhone","15.3.1","System.String[]","RegisteredDevice",,,"16/10/2020 14:10:02","System.String[]",,"Workplace","System.Collections.Generic.Dictionary`2[System.String,System.Object]"
"True","Microsoft.Graph.PowerShell.Models.IMicrosoftGraphAlternativeSecurityId[]","03/02/2022 20:45:50",,,,"6bfafb60-77f8-476b-a22c-b55dc3f6b89a",,"Company","2","iPhone van Dylan",,,"50075a13-5b4c-4a12-93d5-146c49001453","False","False",,,,,"IPhone","15.3","System.String[]","RegisteredDevice",,,"02/10/2021 06:47:29","System.String[]",,"Workplace","System.Collections.Generic.Dictionary`2[System.String,System.Object]"
"True","Microsoft.Graph.PowerShell.Models.IMicrosoftGraphAlternativeSecurityId[]","02/12/2023 19:24:10",,,,"5e1cf06d-80f5-4839-adaa-f212b91b6411",,,"2","Mees-Omen",,,"502b3592-0893-4ceb-b3ee-28e91fdf9ba0",,,,,,,"Windows","10.0.19044.1469","System.String[]","RegisteredDevice",,,"24/01/2022 14:41:11","System.String[]",,"Workplace","System.Collections.Generic.Dictionary`2[System.String,System.Object]"
"True","Microsoft.Graph.PowerShell.Models.IMicrosoftGraphAlternativeSecurityId[]","30/11/2020 11:34:48",,,"Windows","2d16d64c-9b98-4c25-b29a-9d88d7d6564a",,"Company","2","ACLT20","ASAPCLOUD Laptops Standard User",,"50c75e0a-9d1a-4af3-ae4d-f50c9bf771e1","False","False",,,,,"Windows","10.0.19041.508","System.String[]","RegisteredDevice",,,"30/11/2020 11:34:48","System.String[]",,"AzureAd","System.Collections.Generic.Dictionary`2[System.String,System.Object]"
"True","Microsoft.Graph.PowerShell.Models.IMicrosoftGraphAlternativeSecurityId[]","18/12/2023 06:17:51",,,,"8124e02c-af70-4df9-9d9c-6376cd336755",,"Company","2","ACLT06","ASAPCLOUD Laptops Admin User",,"53aa013f-390d-4f3f-870f-d336cb218565","True","True","0000000a-0000-0000-c000-000000000000",,,,"Windows","10.0.22631.2861","System.String[]","RegisteredDevice",,,"07/02/2023 12:32:38","System.String[]",,"AzureAd","System.Collections.Generic.Dictionary`2[System.String,System.Object]"
"True","Microsoft.Graph.PowerShell.Models.IMicrosoftGraphAlternativeSecurityId[]","13/12/2023 06:54:06",,,,"925c22cc-07ec-4fba-af94-bd55f54e0124",,,"2","iPhone SE (2nd generation)",,,"54440a69-c674-41fb-b538-b5580ae6ff6f",,,,,,,"iOS","17.1.2","System.String[]","RegisteredDevice",,,"15/04/2022 09:05:59","System.String[]",,"Workplace","System.Collections.Generic.Dictionary`2[System.String,System.Object]"
"True","Microsoft.Graph.PowerShell.Models.IMicrosoftGraphAlternativeSecurityId[]","14/12/2023 16:44:07",,,,"b46893db-f9d4-48e2-9409-b542287d7b07",,"Company","2","ACVM01","ASAPCLOUD Laptops Admin User",,"588b81b0-d7c3-4060-a457-89996c07fab3","True","True","0000000a-0000-0000-c000-000000000000",,,,"Windows","10.0.26016.1000","System.String[]","RegisteredDevice",,,"19/06/2023 09:34:33","System.String[]",,"AzureAd","System.Collections.Generic.Dictionary`2[System.String,System.Object]"
"True","Microsoft.Graph.PowerShell.Models.IMicrosoftGraphAlternativeSecurityId[]","30/05/2022 09:59:11",,,,"68c72ebf-a245-4fe1-98be-c52cc52a9be3",,,"2","samsungSM-N970F",,,"5aa2f089-34e5-428f-a08b-22a772b9f32b",,,,,,,"Android","10","System.String[]","RegisteredDevice",,,"20/01/2022 08:44:29","System.String[]",,"Workplace","System.Collections.Generic.Dictionary`2[System.String,System.Object]"
"True","Microsoft.Graph.PowerShell.Models.IMicrosoftGraphAlternativeSecurityId[]","02/06/2023 23:10:31",,,,"8e57632a-ba18-4e97-bedf-f0c86eaec510",,"Company","2","THEGATES",,,"5b486f2b-4596-4283-a630-2d3db7ef7576","False","False","0000000a-0000-0000-c000-000000000000",,,,"SurfaceHub","10.0.19045.2965","System.String[]","RegisteredDevice",,,"02/04/2021 12:53:32","System.String[]",,"AzureAd","System.Collections.Generic.Dictionary`2[System.String,System.Object]"
"True","Microsoft.Graph.PowerShell.Models.IMicrosoftGraphAlternativeSecurityId[]","12/12/2023 14:44:51",,,,"704b7687-d074-49e8-b527-30ec2d587912",,"Company","2","RIDDERZAAL",,,"5d79f0a3-ae52-4093-bfc6-61a7a65c8199","True","True","0000000a-0000-0000-c000-000000000000",,,,"SurfaceHub","10.0.19045.3803","System.String[]","RegisteredDevice",,,"08/06/2023 11:06:12","System.String[]",,"AzureAd","System.Collections.Generic.Dictionary`2[System.String,System.Object]"
"True","Microsoft.Graph.PowerShell.Models.IMicrosoftGraphAlternativeSecurityId[]","22/06/2023 14:00:10",,,,"b1ca1ed0-34a7-472d-90a5-6ee43f52cee2",,"Company","2","ACLT32","ASAPCLOUD Laptops Admin User",,"60de71fb-d50a-42b6-8c60-a19ae47558cb","False","False","0000000a-0000-0000-c000-000000000000",,,,"Windows","10.0.22621.819","System.String[]","RegisteredDevice",,,"27/01/2022 14:26:27","System.String[]",,"AzureAd","System.Collections.Generic.Dictionary`2[System.String,System.Object]"
"True","Microsoft.Graph.PowerShell.Models.IMicrosoftGraphAlternativeSecurityId[]","01/10/2023 16:09:46",,,,"22c76dd6-0b68-4bf6-8ad9-83b4a8da5e5e",,"Personal","2","iPhonePiket",,,"6325a2b3-8b2a-47ef-a9c2-eb51ad8a8587","False","False",,,,,"IPhone","17.0.2","System.String[]","RegisteredDevice",,,"15/03/2023 06:24:52","System.String[]",,"Workplace","System.Collections.Generic.Dictionary`2[System.String,System.Object]"
"True","Microsoft.Graph.PowerShell.Models.IMicrosoftGraphAlternativeSecurityId[]","15/12/2023 09:44:05",,,,"9f977ac8-e39c-4318-83d4-d2c2012c880b",,"Company","2","ACLT70","ASAPCLOUD Laptops Admin User",,"636e7dfd-cf3e-400d-99e7-f9f3d0e74cb9","True","True","0000000a-0000-0000-c000-000000000000",,,,"Windows","10.0.22631.2861","System.String[]","RegisteredDevice",,,"03/12/2023 17:32:19","System.String[]",,"AzureAd","System.Collections.Generic.Dictionary`2[System.String,System.Object]"
"True","Microsoft.Graph.PowerShell.Models.IMicrosoftGraphAlternativeSecurityId[]","13/12/2023 16:57:35",,,,"ccce3169-f6f2-427f-91cd-91a25f90e215",,,"2","SURFACE-STUDIO",,,"63f918b6-743c-4ffe-ade1-cf41cf4ad8df",,,,,,,"Windows","10.0.16299.0","System.String[]",,,,"21/12/2017 13:23:20","System.String[]",,"Workplace","System.Collections.Generic.Dictionary`2[System.String,System.Object]"
"True","Microsoft.Graph.PowerShell.Models.IMicrosoftGraphAlternativeSecurityId[]","03/07/2023 07:23:54",,,,"7b0c87d3-596f-4729-8a55-00d8e36cdb97",,"Company","2","ACLT27","ASAPCLOUD Laptops Admin User",,"646e5212-4d08-44a3-8136-9caf45897cfa","False","False","0000000a-0000-0000-c000-000000000000",,,,"Windows","10.0.22621.1848","System.String[]","RegisteredDevice",,,"06/08/2021 09:39:53","System.String[]",,"AzureAd","System.Collections.Generic.Dictionary`2[System.String,System.Object]"
"True","Microsoft.Graph.PowerShell.Models.IMicrosoftGraphAlternativeSecurityId[]","20/12/2023 20:06:31",,,,"1439eac8-9d06-4a38-ae6c-9fb6faab535b",,"Company","2","ACLT07","ASAPCLOUD Laptops Admin User",,"66037b69-36ef-48c1-8ce5-22b0825333b6","True","True","0000000a-0000-0000-c000-000000000000",,,,"Windows","10.0.22631.2861","System.String[]","RegisteredDevice",,,"17/09/2020 13:08:17","System.String[]",,"AzureAd","System.Collections.Generic.Dictionary`2[System.String,System.Object]"
"True","Microsoft.Graph.PowerShell.Models.IMicrosoftGraphAlternativeSecurityId[]","13/02/2023 02:57:09",,,,"f01d5735-4d4c-4eee-ac98-d372a319563e",,,"2","DESKTOP-9AVOQGK",,,"687f90e2-1073-4994-8b50-34309746038b",,,,,,,"Windows","10.0.19042.1110","System.String[]","RegisteredDevice",,,"26/07/2021 10:24:08","System.String[]",,"Workplace","System.Collections.Generic.Dictionary`2[System.String,System.Object]"
"True","Microsoft.Graph.PowerShell.Models.IMicrosoftGraphAlternativeSecurityId[]","17/12/2023 10:30:05",,,,"9d3f4361-00ff-4806-96cb-49466dd82054",,"Company","2","ACLT59","ASAPCLOUD Laptops Admin User",,"69080356-53cb-42f6-ab0e-8982ed367f33","True","True","0000000a-0000-0000-c000-000000000000",,,,"Windows","10.0.22631.2861","System.String[]","RegisteredDevice",,,"01/09/2023 07:59:59","System.String[]",,"AzureAd","System.Collections.Generic.Dictionary`2[System.String,System.Object]"
"True","Microsoft.Graph.PowerShell.Models.IMicrosoftGraphAlternativeSecurityId[]","13/12/2023 11:53:39",,,,"4156c16e-dd9a-4acd-b5bc-a981450b41ee",,"Company","2","ACLT26","ASAPCLOUD Laptops Admin User",,"694a6358-e1f1-467e-9a77-9b0d9a056808","True","True","0000000a-0000-0000-c000-000000000000",,,,"Windows","10.0.22631.2861","System.String[]","RegisteredDevice",,,"05/08/2021 08:06:10","System.String[]",,"AzureAd","System.Collections.Generic.Dictionary`2[System.String,System.Object]"
"True","Microsoft.Graph.PowerShell.Models.IMicrosoftGraphAlternativeSecurityId[]","20/09/2023 14:12:31",,,,"4775df90-5aa2-45dd-a7a6-0822abc62f1a",,"Personal","2","Dennis’s iPhone",,,"6aa8cc64-c2db-4823-8425-19157dfa84d1","False","False",,,,,"IPhone","17.0.1","System.String[]","RegisteredDevice",,,"18/09/2022 08:10:01","System.String[]",,"Workplace","System.Collections.Generic.Dictionary`2[System.String,System.Object]"
"True","Microsoft.Graph.PowerShell.Models.IMicrosoftGraphAlternativeSecurityId[]","18/12/2023 12:37:56",,,,"bc8b00e5-4249-4143-9ac0-f236384a44d2",,"Company","2","ACLT03","ASAPCLOUD Laptops Admin User",,"6b1bfcf3-d4e5-47ef-bbfa-93800fd5d27c","True","True","0000000a-0000-0000-c000-000000000000",,,,"Windows","10.0.22000.2652","System.String[]","RegisteredDevice",,,"06/03/2020 13:35:38","System.String[]",,"AzureAd","System.Collections.Generic.Dictionary`2[System.String,System.Object]"
"True","Microsoft.Graph.PowerShell.Models.IMicrosoftGraphAlternativeSecurityId[]","12/12/2022 09:37:43",,,,"54fe982f-6e98-4637-adb6-b0d8de5b336f",,"Company","2","ACLT13","ASAPCLOUD Laptops Admin User",,"6ba97b8f-2fa6-4e50-ba21-2915a930d0f1","False","False","0000000a-0000-0000-c000-000000000000",,,,"Windows","10.0.19045.2251","System.String[]","RegisteredDevice",,,"02/07/2019 08:54:30","System.String[]",,"AzureAd","System.Collections.Generic.Dictionary`2[System.String,System.Object]"
"True","Microsoft.Graph.PowerShell.Models.IMicrosoftGraphAlternativeSecurityId[]","20/12/2023 08:49:12",,,,"58fe0524-5112-4ba0-9d18-c23248e02e4d",,"Company","2","ACLT12","ASAPCLOUD Laptops Admin User",,"6e5ba8b6-3a7c-4b32-8b20-7211d69fcf92","True","True","0000000a-0000-0000-c000-000000000000",,,,"Windows","10.0.22000.2652","System.String[]","RegisteredDevice",,,"15/12/2022 08:45:45","System.String[]",,"AzureAd","System.Collections.Generic.Dictionary`2[System.String,System.Object]"
"True","Microsoft.Graph.PowerShell.Models.IMicrosoftGraphAlternativeSecurityId[]","13/12/2023 18:24:31",,,,"afd9259f-b32a-48f9-98c5-a574849ee301",,"Company","2","ACLT15","ASAPCLOUD Laptops Admin User",,"6f3523cd-ca24-4254-bedc-21f761628a9c","False","True","0000000a-0000-0000-c000-000000000000",,,,"Windows","10.0.22621.2283","System.String[]","RegisteredDevice",,,"18/09/2020 06:50:30","System.String[]",,"AzureAd","System.Collections.Generic.Dictionary`2[System.String,System.Object]"
"True","Microsoft.Graph.PowerShell.Models.IMicrosoftGraphAlternativeSecurityId[]","26/05/2022 15:07:01",,,,"92ce5f5e-0e40-41f1-aaf0-e9d829b9fd32",,"Company","2","ACLT25","ASAPCLOUD Laptops Admin User",,"71c54a9f-90c6-4fe1-8f6a-27fd702148db","False","False","0000000a-0000-0000-c000-000000000000",,,,"Windows","10.0.19044.1466","System.String[]","RegisteredDevice",,,"18/09/2020 12:02:34","System.String[]",,"AzureAd","System.Collections.Generic.Dictionary`2[System.String,System.Object]"
"True","Microsoft.Graph.PowerShell.Models.IMicrosoftGraphAlternativeSecurityId[]","26/08/2023 11:30:23",,,,"051a0a50-0fba-46b3-a361-cdb36568ab32",,"Company","2","peter’s iPhone (2)",,,"725e97d8-3447-4b38-a6c9-12169379a841","False","True","0000000a-0000-0000-c000-000000000000",,,,"IPhone","16.6","System.String[]","RegisteredDevice",,,"12/10/2020 10:11:12","System.String[]",,"Workplace","System.Collections.Generic.Dictionary`2[System.String,System.Object]"
"True","Microsoft.Graph.PowerShell.Models.IMicrosoftGraphAlternativeSecurityId[]","13/12/2023 00:19:26",,,,"358c7df9-d8a4-4aa7-812a-6b4a45cb0731",,"Company","2","iPhone van Dylan",,,"733ebff6-461a-4e82-97a7-10cf606bb7c3","True","True","0000000a-0000-0000-c000-000000000000",,,,"IPhone","17.1.2","System.String[]","RegisteredDevice",,,"28/01/2022 07:08:18","System.String[]",,"Workplace","System.Collections.Generic.Dictionary`2[System.String,System.Object]"
"True","Microsoft.Graph.PowerShell.Models.IMicrosoftGraphAlternativeSecurityId[]","12/12/2022 09:32:48",,,,"27d14b31-34e4-4259-8623-f799bf536e04",,"Company","2","ACLT21","ASAPCLOUD Laptops Standard User",,"7383e189-d0cc-4a06-9223-bd87b0c37155","False","False","0000000a-0000-0000-c000-000000000000",,,,"Windows","10.0.19045.2251","System.String[]","RegisteredDevice",,,"04/06/2021 11:25:02","System.String[]",,"AzureAd","System.Collections.Generic.Dictionary`2[System.String,System.Object]"
"False","Microsoft.Graph.PowerShell.Models.IMicrosoftGraphAlternativeSecurityId[]","04/10/2021 15:42:48",,,,"7b73ef65-8129-4c8e-98af-d2ff9c817d8b",,,"2","012783700753",,,"7402223a-b99f-4b37-957f-ba847d4aec2e",,,,,,,"Unknown","Unknown","System.String[]","RegisteredDevice",,,"04/10/2021 15:42:48","System.String[]",,"AzureAd","System.Collections.Generic.Dictionary`2[System.String,System.Object]"
"True","Microsoft.Graph.PowerShell.Models.IMicrosoftGraphAlternativeSecurityId[]","13/12/2023 12:52:39",,,,"20fd994b-27fc-483b-873a-708bd291a332",,"Company","2","ACLT28","ASAPCLOUD Laptops Admin User",,"74a72b75-d60f-4199-a9e8-52d04fb0f0f4","True","True","0000000a-0000-0000-c000-000000000000",,,,"Windows","10.0.22631.2861","System.String[]","RegisteredDevice",,,"08/09/2023 09:34:56","System.String[]",,"AzureAd","System.Collections.Generic.Dictionary`2[System.String,System.Object]"
"True","Microsoft.Graph.PowerShell.Models.IMicrosoftGraphAlternativeSecurityId[]","11/12/2023 15:17:27",,,,"07bccd70-440c-4e18-9cc7-21111709858c",,"Company","2","ACLT53","ASAPCLOUD Laptops Admin User",,"74ffb046-5964-48f5-8e85-54f75ac2f199","True","True","0000000a-0000-0000-c000-000000000000",,,,"Windows","10.0.22631.2861","System.String[]","RegisteredDevice",,,"02/01/2023 12:08:14","System.String[]",,"AzureAd","System.Collections.Generic.Dictionary`2[System.String,System.Object]"
"True","Microsoft.Graph.PowerShell.Models.IMicrosoftGraphAlternativeSecurityId[]","31/10/2022 20:35:48",,,,"df06626c-7056-41da-a51f-5912c99410fa",,,"2","PC1-GOPAN",,,"75be6db7-0276-419c-a837-d6d125ad328a",,,,,,,"Windows","10.0.18362.0","System.String[]","RegisteredDevice",,,"21/06/2020 11:04:17","System.String[]",,"Workplace","System.Collections.Generic.Dictionary`2[System.String,System.Object]"
"True","Microsoft.Graph.PowerShell.Models.IMicrosoftGraphAlternativeSecurityId[]","19/12/2023 06:23:36",,,,"4b122cff-0d5a-4711-a24b-ebc5d33e6bea",,"Company","2","ACLT05","ASAPCLOUD Laptops Admin User",,"7634884c-4f4e-42d5-8800-7994a2b0669d","True","True","0000000a-0000-0000-c000-000000000000",,,,"Windows","10.0.22631.2861","System.String[]","RegisteredDevice",,,"05/12/2023 12:48:18","System.String[]",,"AzureAd","System.Collections.Generic.Dictionary`2[System.String,System.Object]"
"True","Microsoft.Graph.PowerShell.Models.IMicrosoftGraphAlternativeSecurityId[]","05/10/2022 16:01:04",,,,"ceb5e9cc-0fc8-490e-ae7b-5ab06fb32dc8",,"Company","2","BBB iPhone",,,"77d6481e-5620-4964-8838-8ae27c480efb","False","False",,,,,"IPhone","16.0.2","System.String[]","RegisteredDevice",,,"01/12/2021 12:34:49","System.String[]",,"Workplace","System.Collections.Generic.Dictionary`2[System.String,System.Object]"
"True","Microsoft.Graph.PowerShell.Models.IMicrosoftGraphAlternativeSecurityId[]","05/12/2023 19:24:19",,,,"5cc11501-1fef-4da6-8617-755d20f0e811",,,"2","Rhune-Surface",,,"78013e3d-a729-43af-8b77-08aa204af7ed",,,,,,,"Windows","10.0.22621.169","System.String[]","RegisteredDevice",,,"13/12/2022 18:04:06","System.String[]",,"Workplace","System.Collections.Generic.Dictionary`2[System.String,System.Object]"
"True","Microsoft.Graph.PowerShell.Models.IMicrosoftGraphAlternativeSecurityId[]","16/12/2023 16:30:03",,,,"86924db3-1f87-49fa-94cf-8fc7061a26b4",,"Personal","2","iPhone 11",,,"79c0db66-0e86-4694-b8a9-a3f8073b76a7","False","False",,,,,"IPhone","17.1.2","System.String[]","RegisteredDevice",,,"15/12/2022 09:14:02","System.String[]",,"Workplace","System.Collections.Generic.Dictionary`2[System.String,System.Object]"
"True","Microsoft.Graph.PowerShell.Models.IMicrosoftGraphAlternativeSecurityId[]","24/11/2023 13:49:57",,,,"9228b328-88dd-4366-868d-2a6366da9a0a",,,"2","a21f58f9-0cdc-46e3-a57b-4c035880f866",,,"7be2e2f1-5573-4411-895e-e0a38f401843",,,,,,,"Windows","10.0.22621.2787","System.String[]","RegisteredDevice",,,"24/11/2023 13:49:57","System.String[]",,"Workplace","System.Collections.Generic.Dictionary`2[System.String,System.Object]"
"True","Microsoft.Graph.PowerShell.Models.IMicrosoftGraphAlternativeSecurityId[]","30/03/2023 09:03:22",,,,"3d39936a-811c-4185-aee5-027c69da51bc",,"Company","2","ACLT10","ASAPCLOUD Laptops Admin User",,"7c292809-29e3-4ae9-a12b-389f98c7ac87","False","False","0000000a-0000-0000-c000-000000000000",,,,"Windows","10.0.22621.1413","System.String[]","RegisteredDevice",,,"16/07/2020 10:23:53","System.String[]",,"AzureAd","System.Collections.Generic.Dictionary`2[System.String,System.Object]"
"True","Microsoft.Graph.PowerShell.Models.IMicrosoftGraphAlternativeSecurityId[]","18/12/2023 03:58:48",,,,"ecb38550-d4f3-41cb-a098-1c7d524403b8",,"Personal","2","iPhone",,,"7c49048f-c1d4-44f6-b6e9-dea99de3a799","True","True","0000000a-0000-0000-c000-000000000000",,,,"IPhone","17.1.2","System.String[]","RegisteredDevice",,,"30/08/2023 14:41:18","System.String[]",,"Workplace","System.Collections.Generic.Dictionary`2[System.String,System.Object]"
"True","Microsoft.Graph.PowerShell.Models.IMicrosoftGraphAlternativeSecurityId[]","08/10/2023 11:09:33",,,,"2edd55c8-de48-43b0-b891-b0629c77ac48",,,"2","DESKTOP-TG3JQBV",,,"7c81c2f8-e254-4981-82ee-e645763475fc",,,,,,,"Windows","10.0.19042.1415","System.String[]","RegisteredDevice",,,"20/12/2021 10:39:23","System.String[]",,"Workplace","System.Collections.Generic.Dictionary`2[System.String,System.Object]"
"True","Microsoft.Graph.PowerShell.Models.IMicrosoftGraphAlternativeSecurityId[]","09/09/2022 21:23:43",,,,"7bbfc2ce-bb31-4f98-9652-dd9b38391714",,"Personal","2","i11pm KL",,,"7ce5f6a2-975c-4457-ad23-43bb69dbec50","False","False",,,,,"IPhone","16.0","System.String[]","RegisteredDevice",,,"04/12/2019 11:16:16","System.String[]",,"Workplace","System.Collections.Generic.Dictionary`2[System.String,System.Object]"
"True","Microsoft.Graph.PowerShell.Models.IMicrosoftGraphAlternativeSecurityId[]",,,,,"a312b2ec-70f8-4143-9769-266f297b713c",,,,"ASAP-PC-04",,,"7dd5a499-20da-4f33-bafa-70a0b71af154",,,,,"23/10/2021 13:30:13","True","Windows",,"System.String[]",,,,,"System.String[]",,"ServerAd","System.Collections.Generic.Dictionary`2[System.String,System.Object]"
"True","Microsoft.Graph.PowerShell.Models.IMicrosoftGraphAlternativeSecurityId[]","16/12/2023 06:21:50",,,,"cab4139b-db8e-4452-92b9-8ac0193f21a5",,"Personal","2","Gabor’s iPhone",,,"7ddc19d4-eaf2-4eee-aa4a-4035d773aa61","True","True","0000000a-0000-0000-c000-000000000000",,,,"IPhone","16.5","System.String[]","RegisteredDevice",,,"05/09/2023 10:56:38","System.String[]",,"Workplace","System.Collections.Generic.Dictionary`2[System.String,System.Object]"
"True","Microsoft.Graph.PowerShell.Models.IMicrosoftGraphAlternativeSecurityId[]","14/12/2023 07:36:06",,,,"602f4d01-b60d-47ae-8406-f5c27e26b5d7",,"Company","2","ACLT31","ASAPCLOUD Laptops Admin User",,"8207e7fa-7a69-4b2c-b1bc-6661d5be2f72","True","True","0000000a-0000-0000-c000-000000000000",,,,"Windows","10.0.22631.2861","System.String[]","RegisteredDevice",,,"01/03/2023 10:38:03","System.String[]",,"AzureAd","System.Collections.Generic.Dictionary`2[System.String,System.Object]"
"True","Microsoft.Graph.PowerShell.Models.IMicrosoftGraphAlternativeSecurityId[]","14/12/2023 04:47:42",,,,"fa6487c4-51a5-4a95-a648-a55688d7e9c5",,"Personal","2","Boaz SOC",,,"8291886e-38e3-4ee7-aa70-9a9a89acf744","True","True","0000000a-0000-0000-c000-000000000000",,,,"IPhone","17.1.2","System.String[]","RegisteredDevice",,,"01/02/2023 07:19:16","System.String[]",,"Workplace","System.Collections.Generic.Dictionary`2[System.String,System.Object]"
"True","Microsoft.Graph.PowerShell.Models.IMicrosoftGraphAlternativeSecurityId[]","08/06/2023 11:52:59",,,,"d6afe2c1-8e80-47f2-a6e8-c8b9e257ec8d",,"Company","2","ACLT10","ASAPCLOUD Laptops Admin User",,"83630814-c90a-4acf-9115-0239fa262e64","False","False","0000000a-0000-0000-c000-000000000000",,,,"Windows","10.0.19045.2251","System.String[]","RegisteredDevice",,,"11/11/2022 12:25:05","System.String[]",,"AzureAd","System.Collections.Generic.Dictionary`2[System.String,System.Object]"
"True","Microsoft.Graph.PowerShell.Models.IMicrosoftGraphAlternativeSecurityId[]","12/12/2023 11:13:43",,,,"def276ee-c08c-4709-9eb9-e29db103d9d3",,"Company","2","ACLT04","ASAPCLOUD Laptops Admin User",,"85430e89-8b2f-4308-b77b-e9cc3f2eaab2","True","True","0000000a-0000-0000-c000-000000000000",,,,"Windows","10.0.22631.2861","System.String[]","RegisteredDevice",,,"19/06/2023 08:54:42","System.String[]",,"AzureAd","System.Collections.Generic.Dictionary`2[System.String,System.Object]"
"True","Microsoft.Graph.PowerShell.Models.IMicrosoftGraphAlternativeSecurityId[]","13/12/2023 10:43:04",,,,"d62eec1b-d0c8-45de-959b-d4e865abffdc",,"Company","2","ACVM09","ASAPCLOUD Laptops Admin User",,"86e1e222-152d-416a-956f-97cd250520cd","True","True","0000000a-0000-0000-c000-000000000000",,,,"Windows","10.0.22631.2861","System.String[]","RegisteredDevice",,,"01/11/2023 07:24:52","System.String[]",,"AzureAd","System.Collections.Generic.Dictionary`2[System.String,System.Object]"
"True","Microsoft.Graph.PowerShell.Models.IMicrosoftGraphAlternativeSecurityId[]","05/04/2022 20:44:37",,,,"6bc69a54-befd-4739-b4eb-dab3a225c5aa",,"Company","2","ACLT24","ASAPCLOUD Laptops Admin User",,"882be637-27a8-4177-8ec4-63285f1f202d","False","False",,,,,"Windows","10.0.19044.1586","System.String[]","RegisteredDevice",,,"24/06/2021 12:04:41","System.String[]",,"AzureAd","System.Collections.Generic.Dictionary`2[System.String,System.Object]"
"True","Microsoft.Graph.PowerShell.Models.IMicrosoftGraphAlternativeSecurityId[]","08/11/2021 11:45:06",,,,"f5958ab6-5b82-419d-ae00-0144ceec5418",,"Company","2","Nuncio’s iPhone",,,"884b94c3-92d5-4ed1-b1bb-a087d4ad1cb8","False","True",,,,,"IPhone","14.2","System.String[]","RegisteredDevice",,,"11/04/2019 20:02:09","System.String[]",,"Workplace","System.Collections.Generic.Dictionary`2[System.String,System.Object]"
"True","Microsoft.Graph.PowerShell.Models.IMicrosoftGraphAlternativeSecurityId[]","14/12/2023 10:14:57",,,,"4ace47fc-489f-4ef8-866e-47f2fbc68638",,"Company","2","ACLT09","ASAPCLOUD Laptops Admin User",,"88f41f57-9d46-4eb9-8453-03e89e5c13c0","True","True","0000000a-0000-0000-c000-000000000000",,,,"Windows","10.0.22631.2861","System.String[]","RegisteredDevice",,,"07/11/2023 17:05:25","System.String[]",,"AzureAd","System.Collections.Generic.Dictionary`2[System.String,System.Object]"
"True","Microsoft.Graph.PowerShell.Models.IMicrosoftGraphAlternativeSecurityId[]","24/11/2023 17:28:28",,,,"81ebaaea-bafa-4516-a890-0b6373b6e91a",,,"2","samsungSM-A515F",,,"8a0749ac-9188-40aa-b565-0e66079c8d10",,,,,,,"Android","13","System.String[]","RegisteredDevice",,,"27/06/2021 19:39:19","System.String[]",,"Workplace","System.Collections.Generic.Dictionary`2[System.String,System.Object]"
"True","Microsoft.Graph.PowerShell.Models.IMicrosoftGraphAlternativeSecurityId[]","25/06/2023 05:04:28",,,"Windows","69179d7a-9557-4871-bc5d-beabe83d7609",,"Company","2","ACLT09","ASAPCLOUD Laptops Admin User",,"8ae6bf4f-b31c-4304-89d2-e95a51f4b802","False","False","0000000a-0000-0000-c000-000000000000",,,,"Windows","10.0.22000.194","System.String[]","RegisteredDevice",,,"29/06/2020 08:43:02","System.String[]",,"AzureAd","System.Collections.Generic.Dictionary`2[System.String,System.Object]"
